oq,rvnm,stcd,stnm,tm,wptn,z
14000,长江干流,60106980,三峡水库,1785513600000,5,150.660
16600,长江干流,60106980,三峡水库,1785520800000,5,150.690
16700,长江干流,60106980,三峡水库,1785524400000,4,150.650
16700,长江干流,60106980,三峡水库,1785531600000,5,150.680
16700,长江干流,60106980,三峡水库,1785535200000,4,150.640
16700,长江干流,60106980,三峡水库,1785538800000,5,150.650
16700,长江干流,60106980,三峡水库,1785546000000,6,150.610
16700,长江干流,60106980,三峡水库,1785556800000,4,150.590
18900,长江干流,60106980,三峡水库,1785567600000,4,150.490
25000,长江干流,60106980,三峡水库,1785574800000,4,150.160
25200,长江干流,60106980,三峡水库,1785578400000,4,150.030
25300,长江干流,60106980,三峡水库,1785582000000,4,149.920
25500,长江干流,60106980,三峡水库,1785589200000,4,149.760
20500,长江干流,60106980,三峡水库,1785596400000,5,149.830
18600,长江干流,60106980,三峡水库,1785600000000,5,149.930
16800,长江干流,60106980,三峡水库,1785603600000,5,150.060
16800,长江干流,60106980,三峡水库,1785607200000,5,150.120
16800,长江干流,60106980,三峡水库,1785610800000,5,150.180
16800,长江干流,60106980,三峡水库,1785614400000,5,150.210
16800,长江干流,60106980,三峡水库,1785618000000,5,150.230
16800,长江干流,60106980,三峡水库,1785621600000,5,150.260
16700,长江干流,60106980,三峡水库,1785628800000,5,150.270
16700,长江干流,60106980,三峡水库,1785643200000,5,150.360
18900,长江干流,60106980,三峡水库,1785654000000,4,150.370
24900,长江干流,60106980,三峡水库,1785661200000,4,150.090
25100,长江干流,60106980,三峡水库,1785664800000,4,150.000
25100,长江干流,60106980,三峡水库,1785668400000,4,149.930
25300,长江干流,60106980,三峡水库,1785675600000,4,149.850
20300,长江干流,60106980,三峡水库,1785682800000,5,149.960
18500,长江干流,60106980,三峡水库,1785686400000,5,150.120
16800,长江干流,60106980,三峡水库,1785690000000,5,150.310
16700,长江干流,60106980,三峡水库,1785693600000,5,150.400
16700,长江干流,60106980,三峡水库,1785697200000,5,150.500
16700,长江干流,60106980,三峡水库,1785700800000,5,150.570
16700,长江干流,60106980,三峡水库,1785704400000,5,150.630
16700,长江干流,60106980,三峡水库,1785711600000,5,150.760
16700,长江干流,60106980,三峡水库,1785715200000,5,150.830
16400,长江干流,60106980,三峡水库,1785729600000,5,151.080
21700,长江干流,60106980,三峡水库,1785744000000,4,151.170
27400,长江干流,60106980,三峡水库,1785754800000,4,150.830
23300,长江干流,60106980,三峡水库,1785765600000,5,150.880
17100,长江干流,60106980,三峡水库,1785776400000,5,151.460
17100,长江干流,60106980,三峡水库,1785780000000,5,151.620
17000,长江干流,60106980,三峡水库,1785787200000,5,151.900
17000,长江干流,60106980,三峡水库,1785790800000,5,152.020
16900,长江干流,60106980,三峡水库,1785794400000,5,152.120
16900,长江干流,60106980,三峡水库,1785798000000,5,152.230
16800,长江干流,60106980,三峡水库,1785812400000,5,152.730
16800,长江干流,60106980,三峡水库,1785819600000,5,152.990
24600,长江干流,60106980,三峡水库,1785834000000,4,153.150
26300,长江干流,60106980,三峡水库,1785841200000,4,153.070
26000,长江干流,60106980,三峡水库,1785848400000,5,153.100
19000,长江干流,60106980,三峡水库,1785855600000,5,153.480
16400,长江干流,60106980,三峡水库,1785862800000,5,153.920
16400,长江干流,60106980,三峡水库,1785870000000,5,154.220
16400,长江干流,60106980,三峡水库,1785877200000,5,154.480
16400,长江干流,60106980,三峡水库,1785880800000,5,154.600
16300,长江干流,60106980,三峡水库,1785884400000,5,154.710
16400,长江干流,60106980,三峡水库,1785888000000,5,154.790
16200,长江干流,60106980,三峡水库,1785902400000,5,155.210
18300,长江干流,60106980,三峡水库,1785913200000,5,155.400
24600,长江干流,60106980,三峡水库,1785920400000,4,155.270
26500,长江干流,60106980,三峡水库,1785931200000,4,155.110
21600,长江干流,60106980,三峡水库,1785938400000,5,155.270
16900,长江干流,60106980,三峡水库,1785945600000,5,155.620
16100,长江干流,60106980,三峡水库,1785949200000,5,155.790
16000,长江干流,60106980,三峡水库,1785956400000,5,156.040
16000,长江干流,60106980,三峡水库,1785963600000,5,156.210
16000,长江干流,60106980,三峡水库,1785967200000,5,156.290
16000,长江干流,60106980,三峡水库,1785970800000,5,156.340
16000,长江干流,60106980,三峡水库,1785974400000,5,156.390
15900,长江干流,60106980,三峡水库,1785988800000,5,156.570
18000,长江干流,60106980,三峡水库,1785999600000,4,156.650
24300,长江干流,60106980,三峡水库,1786006800000,4,156.440
26200,长江干流,60106980,三峡水库,1786017600000,4,156.170
21300,长江干流,60106980,三峡水库,1786024800000,5,156.230
13700,长江干流,60106980,三峡水库,1786060800000,5,157.140
13600,长江干流,60106980,三峡水库,1786071600000,5,157.200
13600,长江干流,60106980,三峡水库,1786078800000,5,157.260
13600,长江干流,60106980,三峡水库,1786082400000,5,157.290
16400,长江干流,60106980,三峡水库,1786086000000,4,157.230
19400,长江干流,60106980,三峡水库,1786089600000,4,157.170
22500,长江干流,60106980,三峡水库,1786093200000,4,157.040
23900,长江干流,60106980,三峡水库,1786096800000,4,156.930
23900,长江干流,60106980,三峡水库,1786100400000,4,156.880
23500,长江干流,60106980,三峡水库,1786107600000,4,156.760
20400,长江干流,60106980,三峡水库,1786111200000,5,156.830
17400,长江干流,60106980,三峡水库,1786114800000,5,156.930
14400,长江干流,60106980,三峡水库,1786118400000,5,157.100
12200,长江干流,60106980,三峡水库,1786122000000,5,157.270
12100,长江干流,60106980,三峡水库,1786125600000,5,157.360
12100,长江干流,60106980,三峡水库,1786129200000,5,157.450
12100,长江干流,60106980,三峡水库,1786132800000,5,157.500
12000,长江干流,60106980,三峡水库,1786136400000,5,157.550
12000,长江干流,60106980,三峡水库,1786140000000,5,157.600
12000,长江干流,60106980,三峡水库,1786143600000,5,157.620
11900,长江干流,60106980,三峡水库,1786147200000,5,157.630
11900,长江干流,60106980,三峡水库,1786154400000,6,157.650
11900,长江干流,60106980,三峡水库,1786158000000,5,157.670
11900,长江干流,60106980,三峡水库,1786161600000,5,157.700
11900,长江干流,60106980,三峡水库,1786165200000,5,157.710
11900,长江干流,60106980,三峡水库,1786168800000,5,157.720
12600,长江干流,60106980,三峡水库,1786172400000,5,157.750
15500,长江干流,60106980,三峡水库,1786176000000,4,157.670
18200,长江干流,60106980,三峡水库,1786179600000,4,157.590
19800,长江干流,60106980,三峡水库,1786183200000,4,157.490
20000,长江干流,60106980,三峡水库,1786186800000,4,157.440
20000,长江干流,60106980,三峡水库,1786190400000,4,157.410
18800,长江干流,60106980,三峡水库,1786194000000,5,157.420
15800,长江干流,60106980,三峡水库,1786197600000,5,157.490
12800,长江干流,60106980,三峡水库,1786201200000,5,157.610
12100,长江干流,60106980,三峡水库,1786204800000,5,157.710
12500,长江干流,60106980,三峡水库,1786208400000,5,157.770
12500,长江干流,60106980,三峡水库,1786212000000,5,157.810
12500,长江干流,60106980,三峡水库,1786215600000,5,157.830
12400,长江干流,60106980,三峡水库,1786219200000,5,157.860
12400,长江干流,60106980,三峡水库,1786222800000,5,157.880
12400,长江干流,60106980,三峡水库,1786226400000,4,157.870
12400,长江干流,60106980,三峡水库,1786230000000,5,157.900
12300,长江干流,60106980,三峡水库,1786240800000,5,157.950
12300,长江干流,60106980,三峡水库,1786244400000,5,157.960
12300,长江干流,60106980,三峡水库,1786251600000,5,158.000
12200,长江干流,60106980,三峡水库,1786258800000,5,158.060
14500,长江干流,60106980,三峡水库,1786262400000,4,158.020
17600,长江干流,60106980,三峡水库,1786266000000,4,157.950
18900,长江干流,60106980,三峡水库,1786269600000,4,157.860
19000,长江干流,60106980,三峡水库,1786273200000,4,157.790
17800,长江干流,60106980,三峡水库,1786280400000,5,157.790
15000,长江干流,60106980,三峡水库,1786284000000,5,157.860
12600,长江干流,60106980,三峡水库,1786287600000,5,157.960
12500,长江干流,60106980,三峡水库,1786291200000,5,158.050
12500,长江干流,60106980,三峡水库,1786294800000,5,158.110
12500,长江干流,60106980,三峡水库,1786298400000,5,158.130
12500,长江干流,60106980,三峡水库,1786302000000,5,158.160
12500,长江干流,60106980,三峡水库,1786305600000,5,158.190
12500,长江干流,60106980,三峡水库,1786309200000,5,158.220
12400,长江干流,60106980,三峡水库,1786312800000,5,158.240
12500,长江干流,60106980,三峡水库,1786316400000,5,158.250
12400,长江干流,60106980,三峡水库,1786320000000,5,158.270
12400,长江干流,60106980,三峡水库,1786327200000,5,158.300
12300,长江干流,60106980,三峡水库,1786334400000,5,158.330
12200,长江干流,60106980,三峡水库,1786341600000,5,158.380
14400,长江干流,60106980,三峡水库,1786348800000,4,158.370
17400,长江干流,60106980,三峡水库,1786352400000,4,158.280
18900,长江干流,60106980,三峡水库,1786359600000,4,158.130
19000,长江干流,60106980,三峡水库,1786363200000,4,158.100
17700,长江干流,60106980,三峡水库,1786366800000,5,158.130
12500,长江干流,60106980,三峡水库,1786374000000,5,158.300
12500,长江干流,60106980,三峡水库,1786377600000,5,158.360
12400,长江干流,60106980,三峡水库,1786381200000,5,158.410
12400,长江干流,60106980,三峡水库,1786388400000,5,158.450
12400,长江干流,60106980,三峡水库,1786392000000,5,158.460
12400,长江干流,60106980,三峡水库,1786395600000,5,158.470
13100,长江干流,60106980,三峡水库,1786399200000,4,158.460
15900,长江干流,60106980,三峡水库,1786402800000,4,158.370
13200,长江干流,60106980,三峡水库,1786413600000,5,158.330
12400,长江干流,60106980,三峡水库,1786417200000,5,158.390
12400,长江干流,60106980,三峡水库,1786424400000,4,158.440
12300,长江干流,60106980,三峡水库,1786428000000,6,158.440
12300,长江干流,60106980,三峡水库,1786431600000,5,158.480
14600,长江干流,60106980,三峡水库,1786435200000,4,158.420
17400,长江干流,60106980,三峡水库,1786438800000,4,158.310
19000,长江干流,60106980,三峡水库,1786442400000,4,158.180
19100,长江干流,60106980,三峡水库,1786446000000,4,158.080
17900,长江干流,60106980,三峡水库,1786453200000,6,158.030
15000,长江干流,60106980,三峡水库,1786456800000,5,158.100
12500,长江干流,60106980,三峡水库,1786460400000,5,158.210
12500,长江干流,60106980,三峡水库,1786464000000,5,158.270
14600,长江干流,60106980,三峡水库,1786467600000,4,158.230
14600,长江干流,60106980,三峡水库,1786471200000,5,158.250
14600,长江干流,60106980,三峡水库,1786474800000,4,158.220
14600,长江干流,60106980,三峡水库,1786478400000,5,158.230
14700,长江干流,60106980,三峡水库,1786482000000,5,158.250
15400,长江干流,60106980,三峡水库,1786485600000,4,158.200
18300,长江干流,60106980,三峡水库,1786489200000,4,158.100
19100,长江干流,60106980,三峡水库,1786492800000,4,158.010
14100,长江干流,60106980,三峡水库,1786500000000,5,158.090
13200,长江干流,60106980,三峡水库,1786507200000,5,158.220
13200,长江干流,60106980,三峡水库,1786514400000,6,158.210
13900,长江干流,60106980,三峡水库,1786518000000,6,158.210
19700,长江干流,60106980,三峡水库,1786525200000,4,157.980
21400,长江干流,60106980,三峡水库,1786528800000,4,157.820
21500,长江干流,60106980,三峡水库,1786532400000,4,157.710
21500,长江干流,60106980,三峡水库,1786536000000,4,157.640
21600,长江干流,60106980,三峡水库,1786539600000,4,157.570
16400,长江干流,60106980,三峡水库,1786546800000,5,157.670
14800,长江干流,60106980,三峡水库,1786550400000,5,157.750
14800,长江干流,60106980,三峡水库,1786554000000,5,157.800
14800,长江干流,60106980,三峡水库,1786561200000,6,157.830
14800,长江干流,60106980,三峡水库,1786564800000,5,157.840
14800,长江干流,60106980,三峡水库,1786568400000,6,157.840
15400,长江干流,60106980,三峡水库,1786572000000,4,157.810
18300,长江干流,60106980,三峡水库,1786575600000,4,157.700
19300,长江干流,60106980,三峡水库,1786579200000,4,157.600
14200,长江干流,60106980,三峡水库,1786586400000,5,157.650
13300,长江干流,60106980,三峡水库,1786593600000,5,157.770
13300,长江干流,60106980,三峡水库,1786600800000,6,157.790
14200,长江干流,60106980,三峡水库,1786604400000,5,157.800
19800,长江干流,60106980,三峡水库,1786611600000,4,157.560
21600,长江干流,60106980,三峡水库,1786615200000,4,157.390
21700,长江干流,60106980,三峡水库,1786618800000,4,157.280
21700,长江干流,60106980,三峡水库,1786622400000,4,157.200
21700,长江干流,60106980,三峡水库,1786626000000,4,157.140
16500,长江干流,60106980,三峡水库,1786633200000,5,157.210
14900,长江干流,60106980,三峡水库,1786636800000,5,157.300
14100,长江干流,60106980,三峡水库,1786640400000,5,157.370
14100,长江干流,60106980,三峡水库,1786647600000,5,157.430
14100,长江干流,60106980,三峡水库,1786651200000,6,157.430
14100,长江干流,60106980,三峡水库,1786654800000,4,157.420
14600,长江干流,60106980,三峡水库,1786658400000,4,157.410
17700,长江干流,60106980,三峡水库,1786662000000,4,157.280
18500,长江干流,60106980,三峡水库,1786665600000,4,157.200
