kind,oq,q,rvnm,sort,status,stcd,stnm,stype,tm,websiteid,wptn,z
1,0,0,陆水,480,1,61705031,石坑,0,1786201200000,5,6,52.68
1,0,0,陆水,480,1,61705031,石坑,0,1786204800000,5,4,52.67
1,0,0,陆水,480,1,61705031,石坑,0,1786208400000,5,6,52.67
1,0,0,陆水,480,1,61705031,石坑,0,1786212000000,5,4,52.66
1,0,0,陆水,480,1,61705031,石坑,0,1786215600000,5,6,52.66
1,0,0,陆水,480,1,61705031,石坑,0,1786219200000,5,6,52.66
1,0,0,陆水,480,1,61705031,石坑,0,1786222800000,5,6,52.66
1,0,0,陆水,480,1,61705031,石坑,0,1786226400000,5,4,52.65
1,0,0,陆水,480,1,61705031,石坑,0,1786230000000,5,6,52.65
1,0,0,陆水,480,1,61705031,石坑,0,1786240800000,5,6,52.63
1,0,0,陆水,480,1,61705031,石坑,0,1786244400000,5,4,52.62
1,0,0,陆水,480,1,61705031,石坑,0,1786251600000,5,4,52.61
1,0,0,陆水,480,1,61705031,石坑,0,1786255200000,5,6,52.61
1,0,0,陆水,480,1,61705031,石坑,0,1786258800000,5,4,52.6
1,0,0,陆水,480,1,61705031,石坑,0,1786262400000,5,6,52.6
1,0,0,陆水,480,1,61705031,石坑,0,1786266000000,5,4,52.59
1,0,0,陆水,480,1,61705031,石坑,0,1786269600000,5,6,52.59
1,0,0,陆水,480,1,61705031,石坑,0,1786273200000,5,6,52.59
1,0,0,陆水,480,1,61705031,石坑,0,1786280400000,5,6,52.58
1,0,0,陆水,480,1,61705031,石坑,0,1786284000000,5,4,52.57
1,0,0,陆水,480,1,61705031,石坑,0,1786287600000,5,6,52.57
1,0,0,陆水,480,1,61705031,石坑,0,1786291200000,5,6,52.57
1,0,0,陆水,480,1,61705031,石坑,0,1786294800000,5,4,52.56
1,0,0,陆水,480,1,61705031,石坑,0,1786298400000,5,6,52.56
1,0,0,陆水,480,1,61705031,石坑,0,1786302000000,5,4,52.55
1,0,0,陆水,480,1,61705031,石坑,0,1786305600000,5,4,52.54
1,0,0,陆水,480,1,61705031,石坑,0,1786309200000,5,6,52.54
1,0,0,陆水,480,1,61705031,石坑,0,1786312800000,5,6,52.54
1,0,0,陆水,480,1,61705031,石坑,0,1786316400000,5,4,52.53
1,0,0,陆水,480,1,61705031,石坑,0,1786320000000,5,6,52.53
1,0,0,陆水,480,1,61705031,石坑,0,1786327200000,5,5,52.53
1,0,0,陆水,480,1,61705031,石坑,0,1786334400000,5,4,52.5
1,0,0,陆水,480,1,61705031,石坑,0,1786341600000,5,6,52.5
1,0,0,陆水,480,1,61705031,石坑,0,1786348800000,5,5,52.5
1,0,0,陆水,480,1,61705031,石坑,0,1786352400000,5,4,52.49
1,0,0,陆水,480,1,61705031,石坑,0,1786359600000,5,4,52.48
1,0,0,陆水,480,1,61705031,石坑,0,1786363200000,5,4,52.47
1,0,0,陆水,480,1,61705031,石坑,0,1786366800000,5,6,52.47
1,0,0,陆水,480,1,61705031,石坑,0,1786374000000,5,4,52.46
1,0,0,陆水,480,1,61705031,石坑,0,1786377600000,5,6,52.46
1,0,0,陆水,480,1,61705031,石坑,0,1786381200000,5,6,52.46
1,0,0,陆水,480,1,61705031,石坑,0,1786384800000,5,6,52.46
1,0,0,陆水,480,1,61705031,石坑,0,1786388400000,5,6,52.46
1,0,0,陆水,480,1,61705031,石坑,0,1786392000000,5,6,52.46
1,0,0,陆水,480,1,61705031,石坑,0,1786395600000,5,6,52.46
1,0,0,陆水,480,1,61705031,石坑,0,1786399200000,5,6,52.46
1,0,0,陆水,480,1,61705031,石坑,0,1786402800000,5,4,52.45
1,0,0,陆水,480,1,61705031,石坑,0,1786413600000,5,6,52.45
1,0,0,陆水,480,1,61705031,石坑,0,1786417200000,5,6,52.45
1,0,0,陆水,480,1,61705031,石坑,0,1786424400000,5,4,52.44
1,0,0,陆水,480,1,61705031,石坑,0,1786428000000,5,6,52.44
1,0,0,陆水,480,1,61705031,石坑,0,1786431600000,5,6,52.44
1,0,0,陆水,480,1,61705031,石坑,0,1786438800000,5,6,52.43
1,0,0,陆水,480,1,61705031,石坑,0,1786442400000,5,6,52.43
1,0,0,陆水,480,1,61705031,石坑,0,1786446000000,5,6,52.43
1,0,0,陆水,480,1,61705031,石坑,0,1786453200000,5,6,52.43
1,0,0,陆水,480,1,61705031,石坑,0,1786456800000,5,6,52.43
1,0,0,陆水,480,1,61705031,石坑,0,1786460400000,5,6,52.43
1,0,0,陆水,480,1,61705031,石坑,0,1786464000000,5,6,52.43
1,0,0,陆水,480,1,61705031,石坑,0,1786467600000,5,6,52.43
1,0,0,陆水,480,1,61705031,石坑,0,1786471200000,5,6,52.43
1,0,0,陆水,480,1,61705031,石坑,0,1786474800000,5,6,52.43
1,0,0,陆水,480,1,61705031,石坑,0,1786478400000,5,6,52.43
1,0,0,陆水,480,1,61705031,石坑,0,1786482000000,5,6,52.43
1,0,0,陆水,480,1,61705031,石坑,0,1786485600000,5,6,52.43
1,0,0,陆水,480,1,61705031,石坑,0,1786489200000,5,6,52.43
1,0,0,陆水,480,1,61705031,石坑,0,1786492800000,5,6,52.43
1,0,0,陆水,480,1,61705031,石坑,0,1786503600000,5,6,52.43
1,0,0,陆水,480,1,61705031,石坑,0,1786507200000,5,6,52.43
1,0,0,陆水,480,1,61705031,石坑,0,1786514400000,5,4,52.42
1,0,0,陆水,480,1,61705031,石坑,0,1786521600000,5,6,52.42
1,0,0,陆水,480,1,61705031,石坑,0,1786525200000,5,6,52.42
1,0,0,陆水,480,1,61705031,石坑,0,1786528800000,5,6,52.42
1,0,0,陆水,480,1,61705031,石坑,0,1786532400000,5,6,52.42
1,0,0,陆水,480,1,61705031,石坑,0,1786536000000,5,6,52.42
1,0,0,陆水,480,1,61705031,石坑,0,1786543200000,5,6,52.42
1,0,0,陆水,480,1,61705031,石坑,0,1786546800000,5,6,52.42
1,0,0,陆水,480,1,61705031,石坑,0,1786550400000,5,6,52.42
1,0,0,陆水,480,1,61705031,石坑,0,1786554000000,5,6,52.42
1,0,0,陆水,480,1,61705031,石坑,0,1786557600000,5,5,52.43
1,0,0,陆水,480,1,61705031,石坑,0,1786561200000,5,6,52.43
1,0,0,陆水,480,1,61705031,石坑,0,1786564800000,5,6,52.43
1,0,0,陆水,480,1,61705031,石坑,0,1786568400000,5,6,52.43
1,0,0,陆水,480,1,61705031,石坑,0,1786572000000,5,6,52.43
1,0,0,陆水,480,1,61705031,石坑,0,1786575600000,5,6,52.43
1,0,0,陆水,480,1,61705031,石坑,0,1786579200000,5,6,52.43
1,0,0,陆水,480,1,61705031,石坑,0,1786590000000,5,6,52.43
1,0,0,陆水,480,1,61705031,石坑,0,1786597200000,5,4,52.42
1,0,0,陆水,480,1,61705031,石坑,0,1786600800000,5,6,52.42
1,0,0,陆水,480,1,61705031,石坑,0,1786608000000,5,6,52.42
1,0,0,陆水,480,1,61705031,石坑,0,1786611600000,5,6,52.42
1,0,0,陆水,480,1,61705031,石坑,0,1786615200000,5,6,52.42
1,0,0,陆水,480,1,61705031,石坑,0,1786618800000,5,6,52.42
1,0,0,陆水,480,1,61705031,石坑,0,1786622400000,5,6,52.42
1,0,0,陆水,480,1,61705031,石坑,0,1786629600000,5,6,52.42
1,0,0,陆水,480,1,61705031,石坑,0,1786633200000,5,4,52.41
1,0,0,陆水,480,1,61705031,石坑,0,1786636800000,5,6,52.41
1,0,0,陆水,480,1,61705031,石坑,0,1786640400000,5,6,52.41
1,0,0,陆水,480,1,61705031,石坑,0,1786644000000,5,6,52.41
1,0,0,陆水,480,1,61705031,石坑,0,1786647600000,5,6,52.41
1,0,0,陆水,480,1,61705031,石坑,0,1786651200000,5,6,52.41
1,0,0,陆水,480,1,61705031,石坑,0,1786654800000,5,6,52.41
1,0,0,陆水,480,1,61705031,石坑,0,1786658400000,5,6,52.41
1,0,0,陆水,480,1,61705031,石坑,0,1786662000000,5,6,52.41
1,0,0,陆水,480,1,61705031,石坑,0,1786665600000,5,6,52.41
1,0,0,陆水,480,1,61705031,石坑,0,1786676400000,5,6,52.41
1,0,0,陆水,480,1,61705031,石坑,0,1786680000000,5,6,52.41
1,0,0,陆水,480,1,61705031,石坑,0,1786687200000,5,5,52.42
1,0,0,陆水,480,1,61705031,石坑,0,1786690800000,5,6,52.42
1,0,0,陆水,480,1,61705031,石坑,0,1786698000000,5,6,52.42
1,0,0,陆水,480,1,61705031,石坑,0,1786701600000,5,6,52.42
1,0,0,陆水,480,1,61705031,石坑,0,1786705200000,5,6,52.42
1,0,0,陆水,480,1,61705031,石坑,0,1786708800000,5,4,52.41
1,0,0,陆水,480,1,61705031,石坑,0,1786712400000,5,6,52.41
1,0,0,陆水,480,1,61705031,石坑,0,1786719600000,5,6,52.41
1,0,0,陆水,480,1,61705031,石坑,0,1786723200000,5,6,52.41
1,0,0,陆水,480,1,61705031,石坑,0,1786726800000,5,6,52.41
1,0,0,陆水,480,1,61705031,石坑,0,1786730400000,5,6,52.41
1,0,0,陆水,480,1,61705031,石坑,0,1786734000000,5,6,52.41
1,0,0,陆水,480,1,61705031,石坑,0,1786737600000,5,4,52.4
1,0,0,陆水,480,1,61705031,石坑,0,1786741200000,5,6,52.4
1,0,0,陆水,480,1,61705031,石坑,0,1786744800000,5,6,52.4
1,0,0,陆水,480,1,61705031,石坑,0,1786748400000,5,4,52.39
1,0,0,陆水,480,1,61705031,石坑,0,1786755600000,5,6,52.39
1,0,0,陆水,480,1,61705031,石坑,0,1786762800000,5,6,52.39
1,0,0,陆水,480,1,61705031,石坑,0,1786766400000,5,6,52.39
1,0,0,陆水,480,1,61705031,石坑,0,1786770000000,5,6,52.39
1,0,0,陆水,480,1,61705031,石坑,0,1786773600000,5,6,52.39
1,0,0,陆水,480,1,61705031,石坑,0,1786777200000,5,6,52.39
1,0,0,陆水,480,1,61705031,石坑,0,1786780800000,5,6,52.39
1,0,0,陆水,480,1,61705031,石坑,0,1786784400000,5,6,52.39
1,0,0,陆水,480,1,61705031,石坑,0,1786788000000,5,6,52.39
1,0,0,陆水,480,1,61705031,石坑,0,1786791600000,5,6,52.39
1,0,0,陆水,480,1,61705031,石坑,0,1786795200000,5,6,52.39
1,0,0,陆水,480,1,61705031,石坑,0,1786798800000,5,6,52.39
1,0,0,陆水,480,1,61705031,石坑,0,1786802400000,5,6,52.39
1,0,0,陆水,480,1,61705031,石坑,0,1786806000000,5,6,52.39
1,0,0,陆水,480,1,61705031,石坑,0,1786809600000,5,6,52.39
1,0,0,陆水,480,1,61705031,石坑,0,1786813200000,5,4,52.38
1,0,0,陆水,480,1,61705031,石坑,0,1786816800000,5,6,52.38
1,0,0,陆水,480,1,61705031,石坑,0,1786820400000,5,6,52.38
1,0,0,陆水,480,1,61705031,石坑,0,1786824000000,5,6,52.38
1,0,0,陆水,480,1,61705031,石坑,0,1786827600000,5,6,52.38
1,0,0,陆水,480,1,61705031,石坑,0,1786831200000,5,4,52.37
1,0,0,陆水,480,1,61705031,石坑,0,1786834800000,5,6,52.37
1,0,0,陆水,480,1,61705031,石坑,0,1786842000000,5,6,52.37
1,0,0,陆水,480,1,61705031,石坑,0,1786849200000,5,6,52.37
1,0,0,陆水,480,1,61705031,石坑,0,1786852800000,5,6,52.37
1,0,0,陆水,480,1,61705031,石坑,0,1786856400000,5,6,52.37
1,0,0,陆水,480,1,61705031,石坑,0,1786860000000,5,6,52.37
1,0,0,陆水,480,1,61705031,石坑,0,1786863600000,5,6,52.37
1,0,0,陆水,480,1,61705031,石坑,0,1786867200000,5,6,52.37
1,0,0,陆水,480,1,61705031,石坑,0,1786870800000,5,4,52.36
1,0,0,陆水,480,1,61705031,石坑,0,1786874400000,5,6,52.36
1,0,0,陆水,480,1,61705031,石坑,0,1786878000000,5,6,52.36
1,0,0,陆水,480,1,61705031,石坑,0,1786881600000,5,6,52.36
1,0,0,陆水,480,1,61705031,石坑,0,1786885200000,5,6,52.36
1,0,0,陆水,480,1,61705031,石坑,0,1786888800000,5,6,52.36
1,0,0,陆水,480,1,61705031,石坑,0,1786892400000,5,6,52.36
1,0,0,陆水,480,1,61705031,石坑,0,1786896000000,5,4,52.35
1,0,0,陆水,480,1,61705031,石坑,0,1786899600000,5,6,52.35
1,0,0,陆水,480,1,61705031,石坑,0,1786903200000,5,6,52.35
1,0,0,陆水,480,1,61705031,石坑,0,1786906800000,5,4,52.34
1,0,0,陆水,480,1,61705031,石坑,0,1786910400000,5,6,52.34
1,0,0,陆水,480,1,61705031,石坑,0,1786914000000,5,6,52.34
1,0,0,陆水,480,1,61705031,石坑,0,1786917600000,5,6,52.34
1,0,0,陆水,480,1,61705031,石坑,0,1786921200000,5,6,52.34
1,0,0,陆水,480,1,61705031,石坑,0,1786928400000,5,6,52.34
1,0,0,陆水,480,1,61705031,石坑,0,1786935600000,5,4,52.33
1,0,0,陆水,480,1,61705031,石坑,0,1786939200000,5,6,52.33
1,0,0,陆水,480,1,61705031,石坑,0,1786942800000,5,6,52.33
1,0,0,陆水,480,1,61705031,石坑,0,1786950000000,5,6,52.33
1,0,0,陆水,480,1,61705031,石坑,0,1786953600000,5,6,52.33
1,0,0,陆水,480,1,61705031,石坑,0,1786957200000,5,6,52.33
1,0,0,陆水,480,1,61705031,石坑,0,1786960800000,5,4,52.32
1,0,0,陆水,480,1,61705031,石坑,0,1786964400000,5,6,52.32
1,0,0,陆水,480,1,61705031,石坑,0,1786971600000,5,6,52.32
1,0,0,陆水,480,1,61705031,石坑,0,1786975200000,5,6,52.32
1,0,0,陆水,480,1,61705031,石坑,0,1786978800000,5,6,52.32
1,0,0,陆水,480,1,61705031,石坑,0,1786982400000,5,4,52.31
1,0,0,陆水,480,1,61705031,石坑,0,1786986000000,5,6,52.31
1,0,0,陆水,480,1,61705031,石坑,0,1786989600000,5,6,52.31
1,0,0,陆水,480,1,61705031,石坑,0,1786993200000,5,6,52.31
1,0,0,陆水,480,1,61705031,石坑,0,1786996800000,5,4,52.3
1,0,0,陆水,480,1,61705031,石坑,0,1787000400000,5,6,52.3
1,0,0,陆水,480,1,61705031,石坑,0,1787004000000,5,6,52.3
1,0,0,陆水,480,1,61705031,石坑,0,1787007600000,5,6,52.3
1,0,0,陆水,480,1,61705031,石坑,0,1787011200000,5,4,52.29
1,0,0,陆水,480,1,61705031,石坑,0,1787014800000,5,6,52.29
1,0,0,陆水,480,1,61705031,石坑,0,1787022000000,5,6,52.29
1,0,0,陆水,480,1,61705031,石坑,0,1787025600000,5,6,52.29
1,0,0,陆水,480,1,61705031,石坑,0,1787029200000,5,6,52.29
1,0,0,陆水,480,1,61705031,石坑,0,1787032800000,5,6,52.29
1,0,0,陆水,480,1,61705031,石坑,0,1787036400000,5,6,52.29
1,0,0,陆水,480,1,61705031,石坑,0,1787040000000,5,4,52.28
1,0,0,陆水,480,1,61705031,石坑,0,1787043600000,5,6,52.28
1,0,0,陆水,480,1,61705031,石坑,0,1787047200000,5,6,52.28
1,0,0,陆水,480,1,61705031,石坑,0,1787050800000,5,6,52.28
1,0,0,陆水,480,1,61705031,石坑,0,1787058000000,5,4,52.27
1,0,0,陆水,480,1,61705031,石坑,0,1787061600000,5,6,52.27
1,0,0,陆水,480,1,61705031,石坑,0,1787065200000,5,6,52.27
1,0,0,陆水,480,1,61705031,石坑,0,1787068800000,5,6,52.27
1,0,0,陆水,480,1,61705031,石坑,0,1787072400000,5,6,52.27
1,0,0,陆水,480,1,61705031,石坑,0,1787076000000,5,6,52.27
1,0,0,陆水,480,1,61705031,石坑,0,1787079600000,5,6,52.27
1,0,0,陆水,480,1,61705031,石坑,0,1787083200000,5,6,52.27
1,0,0,陆水,480,1,61705031,石坑,0,1787086800000,5,4,52.26
1,0,0,陆水,480,1,61705031,石坑,0,1787090400000,5,6,52.26
1,0,0,陆水,480,1,61705031,石坑,0,1787094000000,5,6,52.26
1,0,0,陆水,480,1,61705031,石坑,0,1787101200000,5,6,52.26
1,0,0,陆水,480,1,61705031,石坑,0,1787108400000,5,6,52.26
1,0,0,陆水,480,1,61705031,石坑,0,1787112000000,5,6,52.26
1,0,0,陆水,480,1,61705031,石坑,0,1787115600000,5,4,52.25
1,0,0,陆水,480,1,61705031,石坑,0,1787119200000,5,6,52.25
1,0,0,陆水,480,1,61705031,石坑,0,1787122800000,5,6,52.25
1,0,0,陆水,480,1,61705031,石坑,0,1787126400000,5,5,52.26
1,0,0,陆水,480,1,61705031,石坑,0,1787130000000,5,6,52.26
1,0,0,陆水,480,1,61705031,石坑,0,1787133600000,5,6,52.26
1,0,0,陆水,480,1,61705031,石坑,0,1787137200000,5,6,52.26
1,0,0,陆水,480,1,61705031,石坑,0,1787144400000,5,6,52.26
1,0,0,陆水,480,1,61705031,石坑,0,1787148000000,5,6,52.26
1,0,0,陆水,480,1,61705031,石坑,0,1787151600000,5,6,52.26
1,0,0,陆水,480,1,61705031,石坑,0,1787155200000,5,6,52.26
1,0,0,陆水,480,1,61705031,石坑,0,1787158800000,5,6,52.26
1,0,0,陆水,480,1,61705031,石坑,0,1787162400000,5,4,52.25
1,0,0,陆水,480,1,61705031,石坑,0,1787166000000,5,6,52.25
1,0,0,陆水,480,1,61705031,石坑,0,1787169600000,5,6,52.25
1,0,0,陆水,480,1,61705031,石坑,0,1787173200000,5,6,52.25
1,0,0,陆水,480,1,61705031,石坑,0,1787176800000,5,6,52.25
1,0,0,陆水,480,1,61705031,石坑,0,1787180400000,5,6,52.25
1,0,0,陆水,480,1,61705031,石坑,0,1787187600000,5,6,52.24
1,0,0,陆水,480,1,61705031,石坑,0,1787194800000,5,4,52.24
1,0,0,陆水,480,1,61705031,石坑,0,1787198400000,5,5,52.25
1,0,0,陆水,480,1,61705031,石坑,0,1787202000000,5,6,52.25
1,0,0,陆水,480,1,61705031,石坑,0,1787205600000,5,6,52.25
1,0,0,陆水,480,1,61705031,石坑,0,1787209200000,5,6,52.25
1,0,0,陆水,480,1,61705031,石坑,0,1787212800000,5,6,52.25
